STATE,YEAR,ozone,no2,pm25
AL,2000,42.78037588378816,16.8662662682785,16.883714479922414
AL,2001,40.259290693910046,15.333638169342365,13.86472052748374
AL,2002,39.40370238832525,12.184326511895453,13.725559891037395
AL,2003,38.88691312735721,11.301918026030751,13.85567631061518
AL,2004,38.3531350275574,12.52825511355234,13.670881258011692
AL,2005,40.391547792336645,12.140389622666952,14.813664573131453
AL,2006,42.05269454336528,11.501213716165797,13.895369051898186
AL,2007,41.955336840768965,9.988088890530774,13.753539849906094
AL,2008,39.24629571117816,11.056300517291684,11.610798856141278
AL,2009,36.76415052672869,8.804404934609042,11.610798856141278
AL,2010,40.52800435740435,10.224850232037326,11.57733994664585
AL,2011,40.27546380463929,12.117551495630602,11.102992645590229
AL,2012,40.07677459576621,11.855998708272775,10.02993830868498
AL,2013,37.258943518117945,8.559289142924381,8.997407260271755
AL,2014,37.67307783160427,10.507101528590416,9.382145654178531
AL,2015,37.33138330614504,10.247519333012216,8.804739479391024
AL,2016,39.09839906604012,9.747791521115024,8.518221018033504
AR,2000,41.7976531041222,15.001143954910107,13.370421580214773
AR,2001,40.82654494725176,13.236442449882338,12.15419839662352
AR,2002,39.534203096075096,12.809551189684385,11.613237920189494
AR,2003,40.09623840987647,14.011980247663136,11.533869549405926
AR,2004,38.6815131196499,13.396589896284402,11.276884459389263
AR,2005,42.22106028169675,12.739373197176151,13.21039412040366
AR,2006,42.56660007805538,10.45696197043891,11.176770195186624
AR,2007,40.4341213381768,8.661292197013587,11.95058129297545
AR,2008,38.91545336417175,9.809081454649064,10.34012924563986
AR,2009,37.77677086705776,8.609111795461324,10.34012924563986
AR,2010,41.0226991405806,11.224597242184128,11.071588237847958
AR,2011,40.656375473712615,12.4124469782328,10.726136465689056
AR,2012,41.74878388673784,12.43232806630874,9.478579690684596
AR,2013,39.08994256085356,9.597790981576912,8.849479433015805
AR,2014,37.69457060932691,10.511400752604892,8.71148116488682
AR,2015,38.36291923254537,9.194618021164898,8.085110262562122
AR,2016,38.36810191496597,7.718351825772188,7.8460795995491965
AZ,2000,47.215444042846805,36.9192712503973,7.509018281302104
AZ,2001,46.79669508732222,31.94549935362777,7.152821287857751
AZ,2002,47.572540332276304,30.196672353303388,7.516474093814982
AZ,2003,47.40436347303032,27.695414566113744,6.85462681999433
AZ,2004,46.33861324940023,28.38684998078256,6.212806775329684
AZ,2005,45.64399106000484,28.970127767771054,6.100170007792872
AZ,2006,46.86847544291533,26.553282060709023,6.294864913497924
AZ,2007,46.35774054970834,25.915683862679582,7.195495350703005
AZ,2008,46.94605014031892,28.87180467793599,6.90657621458563
AZ,2009,46.28242426173865,24.94586055846018,6.90657621458563
AZ,2010,46.15948559065596,22.667708718186557,5.477260232914143
AZ,2011,47.01431044427939,22.28197453648185,6.427510366274023
AZ,2012,47.41410997248241,23.824969166329577,6.6844142396907165
AZ,2013,47.17101222391744,20.77586713818075,5.587834267215776
AZ,2014,46.79536268451422,23.65676082758447,5.630977450925614
AZ,2015,46.47509407820312,19.984061950553528,4.891893780589854
AZ,2016,47.09667874998398,17.189737043123177,4.862919602671691
CA,2000,39.56034972959301,32.137187460120195,12.883729528598897
CA,2001,40.24282585123835,31.13855486643563,13.109038728068326
CA,2002,41.73744861352877,30.75773188925486,13.293547276950369
CA,2003,41.51798652425008,29.099115163484157,12.047767682342494
CA,2004,41.47880166257763,26.36389508618416,11.546528539391346
CA,2005,39.84095934178713,25.2350664329084,10.393462912855725
CA,2006,41.34900228218917,24.10022578291337,10.37228930278956
CA,2007,40.58312516759881,23.39397235085427,10.369258769058796
CA,2008,42.14253512967448,24.390082019472903,10.7311425769792
CA,2009,40.75332245528026,22.110902240996527,10.7311425769792
CA,2010,39.57699814284107,20.64801161388331,8.273792290422094
CA,2011,40.27000591281606,20.2299727682628,8.738496027499636
CA,2012,41.28554264263752,19.055935632428533,8.476697169968418
CA,2013,40.8720349762634,19.15336458681996,8.9632012451048
CA,2014,41.84625369197741,18.99742424649693,8.447974010433908
CA,2015,42.55494992275807,17.927894643981894,8.24087997788243
CA,2016,42.32675163289519,13.671397496808083,7.134388427615405
CO,2000,43.84176370818568,23.793184098566023,6.160519015579055
CO,2001,43.48472440394333,31.775321270153945,6.476449566753317
CO,2002,44.69816800158105,41.735452998769325,6.4960903549202
CO,2003,45.09693540003722,40.87864658055639,6.343398128863328
CO,2004,43.01809882089274,33.43419507851004,5.678545415248841
CO,2005,44.5758031574534,30.763429446222684,5.902481605135948
CO,2006,46.28500853119477,33.919864327336725,5.862609845887574
CO,2007,44.7621704566779,25.870835076280457,6.362397347427445
CO,2008,45.72308804546353,22.010078356253405,5.478788213303611
CO,2009,44.17779539334451,20.004762934667767,5.478788213303611
CO,2010,45.17850760865099,21.114470173765355,5.177632839218645
CO,2011,47.37771631951596,18.45379119560756,5.121322988419359
CO,2012,47.073967546587646,21.46476232319997,5.509933620940599
CO,2013,46.07588228611064,23.443660994121387,5.344607530909212
CO,2014,44.98154783433715,24.56919382049976,5.023636541252704
CO,2015,45.25653683743821,22.400457132081705,5.074738613525295
CO,2016,46.09216394656319,17.62522099173852,4.526675942551072
CT,2000,36.16289108477618,26.60342016738322,11.159048146898764
CT,2001,39.50486634209571,30.02552642975427,12.237002344162589
CT,2002,39.73021377696659,29.721095026574915,11.290181386024306
CT,2003,37.94529089967603,29.29353979200544,11.883622854641697
CT,2004,36.22444686501877,23.693372324011094,10.285468759977618
CT,2005,38.49566033040141,24.741560216341448,11.205561271936508
CT,2006,37.29365045200007,22.675524273499068,10.036357483271138
CT,2007,38.40414830817246,20.63422177573468,10.238629105303904
CT,2008,37.421836599784726,19.21078230263316,9.008689855662787
CT,2009,36.57237829883207,17.63843172975752,9.008689855662787
CT,2010,39.47088435614529,17.62249603207053,7.531813808112029
CT,2011,38.37526932471902,21.236531307289205,8.46938361416649
CT,2012,38.88694481925246,18.23590250549121,7.1921032866531975
CT,2013,40.23763146866282,18.34205445526901,7.709809234044413
CT,2014,39.524795136973175,18.21115691156478,7.089808681961736
CT,2015,40.15109333203973,21.541247648271515,7.375023709614805
CT,2016,39.60903348536145,18.73767842289408,6.044902876967888
DC,2000,37.1244930308476,33.610478766719105,15.698372146215045
DC,2001,41.02625384290978,41.69383866420131,16.540884845337768
DC,2002,41.21843876467238,35.50263041054276,15.459171881020072
DC,2003,36.59442400071436,45.02296533860962,14.571517213216104
DC,2004,37.5424621248177,39.2083014658424,14.552060899370447
DC,2005,38.366424688856384,37.1931224157668,14.384263526622815
DC,2006,38.93279096462378,29.44766452748522,13.341579070663148
DC,2007,40.92672563218334,32.71842668636758,12.511429186842632
DC,2008,38.97908272276164,32.68659823264701,12.006596656246886
DC,2009,37.321550264524895,29.80447530625169,12.006596656246886
DC,2010,43.1346559457773,31.575304637251072,10.942414700492062
DC,2011,40.47061275219412,32.44862841020287,10.16956535707314
DC,2012,40.5511206870703,26.718963580990568,9.753517566513372
DC,2013,39.85432649802057,23.826339278352464,9.2981404795132
DC,2014,40.157386171514254,27.398748743652583,8.418589986677883
DC,2015,40.5309502281036,18.886939130402432,8.00417422136268
DC,2016,40.1945772243468,15.630685622782726,7.6550746365957085
DE,2000,38.39172901928024,29.99695663221877,14.828981425546807
DE,2001,40.112246159688944,29.864830229736803,15.997269856729504
DE,2002,40.86008142898718,27.424648023066798,14.280799012418258
DE,2003,38.84738908798136,27.420718653955618,13.931513049874123
DE,2004,38.546758715919175,24.31253848570877,13.97076441287448
DE,2005,39.40544250791288,26.38124941395602,14.162958354595562
DE,2006,39.815538047490094,24.195193988248462,13.47712584226426
DE,2007,40.24530033055278,21.65141918489682,13.107457220476643
DE,2008,40.02407983774489,22.41807706069485,12.212697337934143
DE,2009,38.20511468298271,19.87248538938457,12.212697337934143
DE,2010,42.575419726051365,19.43278471544523,10.607044146061432
DE,2011,40.60076427937226,20.44368003799564,10.49041506211458
DE,2012,40.42618390193606,18.06630210669196,9.57838626008474
DE,2013,40.15007156936233,14.482703492747149,9.051054900613604
DE,2014,40.42447366243432,14.320546554942824,9.03036532195832
DE,2015,40.72979360231456,18.98984521545312,8.64466811932234
DE,2016,40.3322523834622,16.33467322478921,7.1400338197182025
FL,2000,41.08491546710581,23.71046076590109,11.181058760512531
FL,2001,38.1759902579993,21.911109352656183,9.899918710720437
FL,2002,36.91268436368895,19.8592345193634,9.0734574590216
FL,2003,36.54266641223455,18.39180572324253,9.133385555770642
FL,2004,38.77955115005779,18.5792054036473,9.762386245816568
FL,2005,38.41549697386352,17.239519048232435,9.613618944653275
FL,2006,40.54609329405367,17.481679697806687,9.08824820916812
FL,2007,39.24461615076086,14.074073732498388,8.942028734749478
FL,2008,37.2495063111414,13.950693374993635,7.742633113307329
FL,2009,37.50752175513188,12.91735134404643,7.742633113307329
FL,2010,38.55113309262858,13.591579578650652,7.901493327730414
FL,2011,37.99016085790024,13.234008969537722,8.746338006105882
FL,2012,36.52393401959002,12.511483248948274,7.085838267538152
FL,2013,35.709180884273174,10.823399227376862,6.199482148690313
FL,2014,36.62811654457328,12.358711930248976,6.566592041267183
FL,2015,35.05990855554842,11.769270459660389,6.612142314513869
FL,2016,36.71269153042512,12.719225349515876,7.343071557421173
GA,2000,43.80463717200136,21.321137074958298,15.908975796385992
GA,2001,41.93179886338088,19.692935455554665,14.286393435252045
GA,2002,40.63643056240703,17.083898886762228,13.366514012215578
GA,2003,39.5703226127205,16.13565031661818,13.420869215444588
GA,2004,40.19092691789145,16.623751272667175,13.882014190210786
GA,2005,41.34984193722502,16.22349477190934,13.78514924699692
GA,2006,42.72210413892648,15.543887919782645,13.206723854966546
GA,2007,43.3241947820247,14.426560402846622,13.413752789023778
GA,2008,41.04415849813475,14.707861508805133,11.443326656923553
GA,2009,38.11403087731278,11.151492514612308,11.443326656923553
GA,2010,41.16853336099408,13.874213498394266,11.407889708778518
GA,2011,41.5834628307376,16.25344705468711,11.291376009649778
GA,2012,40.069475232361455,14.89402256412072,9.850775132728842
GA,2013,37.419123456057285,11.6773503719115,8.87562725341499
GA,2014,38.45915336565647,11.462028230008444,9.454849281926812
GA,2015,37.802510462283806,12.778986600787483,8.52966986883189
GA,2016,40.0196573326501,11.892047170924243,8.697793490211593
IA,2000,36.82689266051062,15.583924285035392,10.764176683557858
IA,2001,36.6267275904786,16.427817998049555,10.217814419787
IA,2002,37.14603827296558,13.911752058869425,10.503371860461169
IA,2003,37.36095865165147,16.573307598384677,10.860402185600256
IA,2004,35.311157684981254,11.23436599228325,9.804670301199936
IA,2005,37.798162631063576,13.59226504265176,11.213746598186107
IA,2006,37.09119133955671,13.95098936331929,9.35788102062387
IA,2007,37.57726068087655,9.609076007586555,11.164839375936172
IA,2008,36.62628495935902,12.163141995260352,9.838274995418844
IA,2009,36.26787097990268,11.54033407550848,9.838274995418844
IA,2010,38.17457616429096,13.593739217823035,10.249204313828086
IA,2011,38.10103790059882,10.53386650990456,9.449956766270686
IA,2012,39.45760857119194,12.634745586209425,8.673400393266137
IA,2013,38.3022404083133,12.54663083646084,8.71605635879855
IA,2014,37.107671866343445,13.150734199187497,8.449712324198508
IA,2015,37.86221408688178,10.880989204887346,8.027201277241446
IA,2016,36.45209167568044,9.643261613876213,7.035306041663636
ID,2000,42.1171512465382,22.49685614832383,5.783655825167199
ID,2001,42.290803406364326,23.30481214059076,5.22947336913343
ID,2002,43.272632127464334,23.412402939872223,5.367686997168907
ID,2003,43.13263188997002,19.806007090846293,5.318997529672059
ID,2004,41.854018907668696,16.81651635620063,5.601390704063188
ID,2005,41.71767137067341,17.113165224666606,5.409681492170283
ID,2006,43.351144018417095,13.773421034336089,5.845374176313151
ID,2007,42.78960848431282,10.922240828920446,5.371438086383217
ID,2008,42.499607505960775,16.214756229146072,4.992116768180393
ID,2009,41.8478593161049,14.348550326536346,4.992116768180393
ID,2010,41.25625133806664,11.82812664481568,5.0516704399319865
ID,2011,42.16708482570543,9.20212902262316,5.433043183862398
ID,2012,42.56274942486792,12.046119413007265,7.223010437089174
ID,2013,41.27329423814543,11.537581349506588,5.691528929821271
ID,2014,41.183323307682336,12.878654406592863,4.940616743296635
ID,2015,42.38069049089307,13.909174125326333,6.044720576348004
ID,2016,41.2180442125002,9.551553154448111,4.09784058086159
IL,2000,36.726064438688944,25.14125574992501,14.889484789588494
IL,2001,37.65659014035166,26.050094439282223,14.35828871460838
IL,2002,37.82807145069749,23.44222969251349,13.933941725035623
IL,2003,37.37500030836772,26.27950478365529,13.81057223356757
IL,2004,35.54006614180056,20.50891832005176,12.799980373668706
IL,2005,38.52758903700628,22.547018407951427,14.332981628602814
IL,2006,36.67396476152799,21.08356787794313,12.319615198188394
IL,2007,38.497969476795824,18.672553895897646,13.494510541197336
IL,2008,36.49172185928048,19.89079819502232,11.364113942419372
IL,2009,35.71984169716368,17.610709165586155,11.364113942419372
IL,2010,38.39835487433111,20.074441339231832,11.519503733545006
IL,2011,38.32212285916685,17.584334241294403,10.647168556486385
IL,2012,39.20371188914983,20.086099716342865,9.70275947887131
IL,2013,37.36683969379625,18.408264676091,9.77500573367318
IL,2014,37.102405421086125,19.208891103718017,10.38976447776331
IL,2015,37.90725965838915,17.018783395152013,9.205565830497882
IL,2016,37.57490844744583,15.304243865859776,7.730158532894461
IN,2000,38.339772941803226,23.460582093672716,15.692621436498154
IN,2001,39.35028727737736,23.146323314518884,15.210496293079151
IN,2002,39.730108090143,21.81822666270195,15.049406102618596
IN,2003,38.52922861591009,22.885342743085552,14.773691419359116
IN,2004,36.65284423858476,16.58704659789054,13.62743814215967
IN,2005,39.24789699633079,19.62558088612471,15.255353429312937
IN,2006,37.64648316188058,16.141687004349286,12.955360599532392
IN,2007,40.08116843291119,14.101572316725065,14.00553723031416
IN,2008,37.87867630228325,14.912243849676816,11.895892390271843
IN,2009,36.11600789832645,14.534625210225547,11.895892390271843
IN,2010,38.96861402380399,17.579520139285197,12.606466786823503
IN,2011,38.16885764365499,15.2114437068888,11.670558310343068
IN,2012,39.41752199164933,17.352509101217198,10.42305292642364
IN,2013,37.465768457004906,15.398795243895426,10.464366201320706
IN,2014,37.12813705923312,15.94108547930719,10.887212223369747
IN,2015,37.69029488672433,15.277166984942149,9.626232291079193
IN,2016,37.81999942688911,13.887823781455817,7.875276824190695
KS,2000,42.28137524962308,15.423904803304756,10.587272005673206
KS,2001,41.82301178311368,15.119546658880232,9.67308376037677
KS,2002,39.88040150791777,15.779712249172034,9.69995860066935
KS,2003,40.32811184532654,17.225093541884586,10.18887030913909
KS,2004,38.5766510183017,16.611043741465398,9.08938509998572
KS,2005,41.35196191897853,18.08025279476509,10.417977827400446
KS,2006,42.76039029213586,16.72284581050102,8.599382520346136
KS,2007,39.937845656579725,13.418458136553085,10.04691042423505
KS,2008,39.104930973882425,12.083575696837196,8.810985937209114
KS,2009,39.19956052258024,12.805793001248004,8.810985937209114
KS,2010,41.0321894227353,13.65207309359913,8.687884269174974
KS,2011,43.39401283475986,12.782660511187554,8.758403226737467
KS,2012,43.60531436674521,14.245678570665346,8.170944561374947
KS,2013,40.79418953971609,13.929812530252256,8.072151270560873
KS,2014,39.95415740410289,13.549778593435132,8.017118350801777
KS,2015,40.20542960748468,11.807877095348726,7.046767610653411
KS,2016,40.06772191413804,10.223520204758604,6.132895815348716
KY,2000,41.575244590663246,17.55114874420673,15.091863313638006
KY,2001,42.15887923413034,18.092013053805523,14.547340787544588
KY,2002,41.13823827728245,18.34245006722594,14.518745482343393
KY,2003,39.52170418164071,16.868838052748224,13.472192012083555
KY,2004,38.4048151144943,18.043257857969756,12.405140850291072
KY,2005,40.904186982270296,15.788522355405863,13.791809329301342
KY,2006,40.505170533894486,13.636378912533916,12.29825724486668
KY,2007,43.205681775511,12.718165801496133,13.722447188004434
KY,2008,40.859701874177055,13.154993098504445,11.005782908407978
KY,2009,37.94413488555377,10.170721961007496,11.005782908407978
KY,2010,42.13755703949435,10.585053099500012,11.349166395306138
KY,2011,40.77112896426759,11.485807048276078,10.2260478491189
KY,2012,41.43105925606864,12.874764573716044,9.63390611680453
KY,2013,38.53099608608833,10.139458802830834,8.753305734591393
KY,2014,38.82401892536338,11.774989647119543,9.2431606038085
KY,2015,39.25420460132348,9.693496429669953,8.567749819558214
KY,2016,39.78839523269037,8.28400858052043,7.358118688894087
LA,2000,42.05374129831271,19.94819551836952,12.9133076977196
LA,2001,39.85923364121963,19.585957379556167,11.592488780129072
LA,2002,38.20622513440059,16.025944823559964,10.81965417178922
LA,2003,39.86414932821038,16.54095408467037,11.630435232046375
LA,2004,38.68068509059455,16.522560435419628,11.298951745398012
LA,2005,42.0773021942758,16.42796727880015,12.654360286064756
LA,2006,42.46543516500794,14.785097685168935,11.948213978613992
LA,2007,39.24271231888217,12.841324432427514,10.91457938405946
LA,2008,38.60187598596222,14.046453991859163,9.892818074023122
LA,2009,38.21473899297179,12.483873280997305,9.892818074023122
LA,2010,40.673854157187904,13.624326826308508,10.106366026099094
LA,2011,41.730681863002815,14.691917642611664,9.831600522270216
LA,2012,40.36246488517885,12.572538375442956,9.076055250928166
LA,2013,38.0727799157915,11.58742618857318,8.176868419732934
LA,2014,37.13240046682612,12.036393207329944,8.116911322839282
LA,2015,37.549691376957725,11.376494809877292,8.584595628857768
LA,2016,37.9084128563451,11.63082279677568,8.695786435379764
MA,2000,33.65979808099198,24.43759364130492,9.854945895486049
MA,2001,37.10975701841876,24.75433402550033,11.175634194891916
MA,2002,37.83443699335255,24.231809495548536,10.293030108348583
MA,2003,36.70202560185837,24.46442594033974,9.88452686058286
MA,2004,35.59354727163857,21.32244332218999,9.274307997504332
MA,2005,36.92533510028184,20.729607256278832,9.99837502717041
MA,2006,35.7946177331658,19.234737135626723,8.970086196784857
MA,2007,36.5786265575448,18.77211269373127,9.158567557433996
MA,2008,36.5400012313416,19.15551711134084,8.382433213582603
MA,2009,36.51730517726019,17.422557429275553,8.382433213582603
MA,2010,38.860019379466536,16.68585507219027,7.277326139452625
MA,2011,38.05058534492531,20.44494748753632,7.713228088577329
MA,2012,38.06612759471736,17.55122414734523,6.885617240331144
MA,2013,39.50303585154826,16.8999691720928,7.132539216792206
MA,2014,38.45030967309248,17.068836996969814,6.192922560394506
MA,2015,38.95074731307327,18.635098722728426,5.924873622198675
MA,2016,38.50021608855093,15.362939353040696,5.44192044437844
MD,2000,37.910892853483816,27.774418621309085,14.277243459121124
MD,2001,40.67732066963645,27.13098845278078,14.744317046337992
MD,2002,41.33681107440365,27.29563865244371,13.648196353270476
MD,2003,37.706641035332986,28.366562584441017,13.426515007588696
MD,2004,38.28831297741222,25.089376625357087,13.952035178994054
MD,2005,38.97108310677251,25.1614338733869,13.720597446823382
MD,2006,39.65564556608842,21.66559070986032,12.249914516609936
MD,2007,40.54641189913609,20.481444561710347,12.47586297177039
MD,2008,39.06437036443354,20.49225212932096,11.101459827323543
MD,2009,37.84693551002077,19.169239159839403,11.101459827323543
MD,2010,42.73708407368419,20.30552401061433,10.45133487642422
MD,2011,40.85250109905947,21.617860074568032,10.236016910840911
MD,2012,40.67914156200977,19.628682903574838,9.424076652237437
MD,2013,40.401694617612215,16.52006262683047,8.458373476315604
MD,2014,40.58009937222605,16.601737126086693,8.79885800058901
MD,2015,40.86986790244724,18.66319557022039,8.809547301416377
MD,2016,40.45111865173669,17.5370411477865,7.246283776797472
ME,2000,34.322541931692086,11.151192279472887,6.438808835311785
ME,2001,36.96911175028191,10.42387177792077,7.48354553705799
ME,2002,36.6206039644546,13.234058787946308,7.718473416165344
ME,2003,36.48482030921679,10.686945345831967,7.061036834562997
ME,2004,34.55880674095867,8.853742039107772,6.152703149635659
ME,2005,34.786771514333736,6.401125876839718,6.75285607055395
ME,2006,34.102547523498764,6.973014500970259,6.599529135763818
ME,2007,35.44183793543165,6.323339103868166,6.056358900280009
ME,2008,35.16118837329403,8.792072880297686,5.700811853228976
ME,2009,34.08748817595132,8.076638661272808,5.700811853228976
ME,2010,35.57994942959802,8.205267327281456,4.838935207117703
ME,2011,35.938667012627,10.352424608805258,5.272609374160872
ME,2012,36.010255951979765,11.40364536519297,4.880084337192165
ME,2013,36.89530840217219,7.943894719028915,5.162362993073422
ME,2014,35.796159074583244,8.678188810078797,4.90551405137977
ME,2015,37.06845346802357,15.689351831845247,5.056299099419274
ME,2016,35.384722067401135,9.803727604641054,4.541436350005921
MI,2000,36.08913516827722,23.916800642642716,11.680363937442468
MI,2001,37.85523894402409,21.973532553232108,12.517253710399158
MI,2002,38.22339596745622,20.00227987224959,11.936800335183168
MI,2003,38.08491692005749,21.983276367462757,12.256859303847904
MI,2004,36.065708701736845,17.675493626209274,10.954472709498749
MI,2005,38.62517520583288,19.42848134038101,12.285978653987955
MI,2006,36.31878696059866,17.230801468880745,10.696901562020209
MI,2007,38.37480392873196,15.235310445073798,10.478410967274474
MI,2008,37.55487424342983,15.164017039094867,9.53564628315086
MI,2009,35.69977800815141,15.28375543542277,9.53564628315086
MI,2010,38.28071326965255,14.44397561936691,8.660729214038206
MI,2011,37.66805227732516,14.906790215285888,8.491592839351801
MI,2012,38.65630370121452,15.238835726425966,8.242526692916748
MI,2013,37.84141350416917,14.562283467152287,8.007637804058342
MI,2014,37.322369214800375,14.213599054214862,8.791379566151878
MI,2015,38.61964772083327,14.853383268056376,8.353435479563517
MI,2016,38.54336333941079,14.798096937258135,7.175332767549651
MN,2000,36.2655891359632,19.991320639035266,9.412772312294226
MN,2001,37.04286227550061,18.190836278383223,9.242405416148872
MN,2002,36.7804194081781,14.730602149746652,8.888204831635727
MN,2003,37.83262276067239,15.00037332130643,9.587980554018683
MN,2004,34.560607982207586,10.874511338717626,8.511730617217651
MN,2005,36.85452543246026,12.214111643332997,9.572221905026904
MN,2006,36.82966456714436,12.755764305586764,8.637265310169225
MN,2007,36.59785891320298,10.920138371292934,9.273731190884655
MN,2008,36.186283388762696,12.21995956990206,8.939280646447994
MN,2009,35.57122644944482,11.070230949147234,8.939280646447994
MN,2010,37.39553324159507,11.34259459491678,8.300964963952826
MN,2011,37.001458045304304,12.20268450182636,7.7475093062420175
MN,2012,37.16281458498762,11.715580605559396,6.716745445781675
MN,2013,36.93864511129724,13.80512330645086,6.241231011725718
MN,2014,35.47729797527113,13.643319905594971,6.444450365330487
MN,2015,36.85920760492963,12.164051269316843,6.139249727110875
MN,2016,35.6107703728909,10.87228202808132,5.601505181635709
MO,2000,40.35109404167181,17.58505208980823,12.88015795519455
MO,2001,40.02581332372096,16.00508949827064,11.92540101828854
MO,2002,39.54200403898604,15.195878978856982,12.365011109063117
MO,2003,39.596425673969485,16.070481077238018,12.20536140149254
MO,2004,37.62916906136574,14.119016983654646,11.092353997320783
MO,2005,40.671542745567535,15.372308638714031,13.05961161614648
MO,2006,40.83003421991385,14.347534574358551,10.906302970535906
MO,2007,40.5561224717636,10.99918645790488,12.163535277683785
MO,2008,38.13620382924488,12.03277168713263,10.43092063377159
MO,2009,37.51726205215078,11.261915944476188,10.43092063377159
MO,2010,39.77616086159368,12.318297524905937,10.050700201601536
MO,2011,40.61791128715465,11.534691561520749,9.908938419867471
MO,2012,41.55735649294764,14.485504780977168,8.785320436628178
MO,2013,38.8198344739242,12.065193313913287,8.837710170549023
MO,2014,38.07955235285939,13.283976001472476,8.911062997069347
MO,2015,37.96265199331192,11.11143797498616,7.992147422627475
MO,2016,38.10805639825024,9.483214113610066,7.128667751912029
MS,2000,43.26353937239536,16.47905816972334,14.228139898144876
MS,2001,41.16613148364991,14.005928001672643,12.025373105866514
MS,2002,39.28825248148089,11.593000826293752,11.699410389556292
MS,2003,40.11840586381286,11.570890519167104,12.26300522138843
MS,2004,38.550274296859484,11.516741581508082,12.00121352867773
MS,2005,41.64345433025503,11.343886729054542,13.278938495286695
MS,2006,42.7263931101436,10.18683571934583,12.09306791857597
MS,2007,40.45581051876709,8.950465579904181,12.036096815203804
MS,2008,38.838121086538926,10.474441039832875,10.783691416101584
MS,2009,37.428179013384685,8.690899982698888,10.783691416101584
MS,2010,40.39017034058512,9.99597954573926,10.988369383861144
MS,2011,41.15345971712806,11.636853955520342,10.967120869309982
MS,2012,40.72694585652518,10.991541103501048,9.849981514064424
MS,2013,37.8397595420259,8.024133659860874,8.27342764476129
MS,2014,37.13485749280897,8.858821988054764,8.732167821304392
MS,2015,37.34229557965869,9.9250011729606,8.701352738976201
MS,2016,38.296599939415046,8.4373299294836,8.47481220189504
MT,2000,40.78236487574161,15.183870704204235,5.703404215362491
MT,2001,40.890003513677286,12.89868329458951,4.7748383469822056
MT,2002,41.123524463625245,11.046780340199936,4.490477960698497
MT,2003,42.18472939610664,11.260963236673913,5.791267325021644
MT,2004,40.381163341102166,8.899934760709256,4.721417050506415
MT,2005,40.74048695945072,8.55526838127904,4.431044109841083
MT,2006,42.20400243249737,8.032851947796859,5.282488691091943
MT,2007,41.42382724407556,6.25204565735574,5.106085075260825
MT,2008,42.00513727498907,9.038066304259967,4.163943714798672
MT,2009,41.037126600805735,7.562334747394322,4.163943714798672
MT,2010,40.901442822605645,6.318256717909703,4.333355073408585
MT,2011,42.05174831737371,6.137743881816319,4.711073721545481
MT,2012,41.30759888662032,6.85134675796108,5.97252948534802
MT,2013,40.56902585685548,5.479493136573951,4.243046067038212
MT,2014,40.04946067602344,6.553349799032599,4.380635554484703
MT,2015,41.314633789564176,7.130759236889737,6.4669558515236565
MT,2016,40.23890404937181,6.138471776048828,3.9002315105030982
NC,2000,43.29276061272006,22.52299211165528,14.64418807931147
NC,2001,43.575742177197874,20.2056995677634,13.154395154280849
NC,2002,42.854822166913976,18.371206282010505,12.80668090690213
NC,2003,40.28147188627186,17.81481458295163,12.294767494998917
NC,2004,39.59593705071126,17.29900084658453,12.971169509415224
NC,2005,41.36313722708336,16.0971606817752,12.805877347371686
NC,2006,41.93725040830395,14.150808815912566,12.160801848475645
NC,2007,43.55325907218305,13.57297659762414,12.15901964497054
NC,2008,41.48275806012164,13.895882689119532,10.666703439986142
NC,2009,38.37161783611042,11.839666762686226,10.666703439986142
NC,2010,42.34195214144127,12.6918680609308,9.744562952085978
NC,2011,41.77086355939893,14.41286809917193,9.28259423854341
NC,2012,40.04345792258258,13.891776039604686,8.622147836731196
NC,2013,37.84209606989013,11.855730712091113,8.068916621861375
NC,2014,39.42429898855995,10.769492697508865,8.489637944874993
NC,2015,39.84731936898184,11.361947287332953,8.041696645943883
NC,2016,39.83822521430037,10.497891262958978,7.798784392216687
ND,2000,35.87452033369944,7.639508206552053,7.257440204944664
ND,2001,37.54491894160321,8.49808868788381,7.114610519617124
ND,2002,37.00830362170875,5.8170593706570495,7.0233245171597485
ND,2003,38.39947192022591,7.5597301072737535,7.8629672076983965
ND,2004,35.23852413278904,6.414046515726191,6.864006445819564
ND,2005,36.64981170662268,6.649211132059151,7.821641061992309
ND,2006,38.0523993597016,9.177345411838983,7.536174759455948
ND,2007,36.88461819015824,7.012212593882891,6.919129969472411
ND,2008,37.48634971610255,8.465668637458041,7.040176642832196
ND,2009,36.55791694367719,7.695797101763171,7.040176642832196
ND,2010,38.56630822404922,7.584716642660176,7.056195792742667
ND,2011,38.45011124304893,7.120957938607982,6.40979128564871
ND,2012,38.15917334460059,7.961135930693008,5.996240263682813
ND,2013,38.85454020635716,7.482359122882848,4.971270454755454
ND,2014,37.15506891781296,8.16528340331159,5.151021892470426
ND,2015,38.50057522221963,7.56059284436243,5.913654604582129
ND,2016,36.98232862996231,7.328794150791526,4.838489273217096
NE,2000,38.98753504080163,14.70327071967839,8.971461282082823
NE,2001,38.60352803922192,16.101733709219193,8.521129178362997
NE,2002,39.11351217339128,15.233140507422766,8.436763424000777
NE,2003,39.34112914746111,17.84131470031374,8.905709169299506
NE,2004,38.543698190700255,15.002086783703003,7.68490299263288
NE,2005,39.89308903773889,15.3344776024972,8.946908310634909
NE,2006,40.19093426213775,15.187062587620444,7.102966030326703
NE,2007,39.426949708648735,10.939882467950786,8.480824245129096
NE,2008,38.38551959764508,11.879823550174946,7.633766730192713
NE,2009,37.75696539594082,9.979167603646374,7.633766730192713
NE,2010,39.22788667746935,11.540171770158077,8.57336477422229
NE,2011,40.1105905930908,9.34597311309541,7.755208665776007
NE,2012,41.78068106800717,11.928891707544205,7.709130021260179
NE,2013,40.23172699484481,12.223070144668648,7.848724879800059
NE,2014,39.4880053252796,12.72975763325488,7.444054437534462
NE,2015,40.43846588839254,10.608172749216486,6.946843398197003
NE,2016,39.55322186147645,9.19087295049156,5.9178280858046906
NH,2000,33.798247741952935,14.526093167565476,7.254584074836518
NH,2001,37.03017106590683,16.244716113889265,8.192747405023395
NH,2002,37.14205325838672,18.23188726206177,8.496025667073795
NH,2003,37.07718959582092,16.039429489515605,7.682555798098915
NH,2004,35.84994462129265,12.001954476648578,6.881411970590598
NH,2005,36.43527203158001,8.947931838943273,7.872265005013697
NH,2006,35.131154903243434,10.152287100046282,7.577076584482993
NH,2007,36.24795881566765,8.880728777002492,7.54164650677528
NH,2008,35.835402576959055,10.882267356253712,6.608150809941069
NH,2009,35.48096892172401,10.103502805300293,6.608150809941069
NH,2010,38.516283837475456,10.145665164163653,5.644753904311955
NH,2011,38.399847762338446,13.200637904551666,5.988797554899589
NH,2012,38.60242945550328,13.537905696913183,5.334006247804212
NH,2013,39.6117143976314,10.749036821337247,5.931759057527197
NH,2014,39.0623289254152,11.676719276815522,5.382142509442749
NH,2015,39.106032444764274,12.97945589425699,5.085774655315397
NH,2016,37.777111496294346,9.778413435078573,4.380766042853368
NJ,2000,36.146281599545226,34.13932062996934,13.59475244018497
NJ,2001,39.173515514028345,34.28115683197579,13.754799318131855
NJ,2002,39.81509519794711,32.03868112960736,12.594764198787615
NJ,2003,36.80502058763509,33.09509078048113,13.55813494464764
NJ,2004,36.13900340061992,30.19672403194524,12.65641111698766
NJ,2005,37.96793808202701,31.406403858329785,12.89085304530855
NJ,2006,37.4642665808336,28.964811476773622,11.743707341300867
NJ,2007,37.68246121803921,26.73598701702791,12.121454265981647
NJ,2008,37.29635103757912,25.95181811329793,10.687276126800995
NJ,2009,35.479083009136126,24.540283347446717,10.687276126800995
NJ,2010,40.25017773350534,24.30763100308041,8.95106759095571
NJ,2011,38.59750537833184,27.81583232039249,9.518103210907686
NJ,2012,38.448405801787445,23.9177495103735,8.702663831341505
NJ,2013,38.91180441572087,21.65186144012874,8.885138569295588
NJ,2014,38.63770289485194,23.004911844834577,8.593780941121752
NJ,2015,39.227860181805696,24.6036149779636,8.314941112676625
NJ,2016,38.77290219107576,22.521378805616006,7.490629678944344
NM,2000,46.39727826843146,20.63958108388418,4.778529262503083
NM,2001,45.86182718277051,20.24995802093314,4.651583972847281
NM,2002,46.281339884091295,25.98272816607626,4.641829998974933
NM,2003,46.966601540243886,21.908506962310707,5.191647504016117
NM,2004,45.40359532169224,20.306343654259315,4.60809515107363
NM,2005,45.62511812395016,20.38335618590816,4.443101901008803
NM,2006,46.35714327405006,20.6011748222854,4.672960486972386
NM,2007,45.579319887437656,15.750399115775132,4.539487940867668
NM,2008,45.59559788656458,16.227137261533553,4.449265427872397
NM,2009,44.78225502272662,13.405321321716396,4.449265427872397
NM,2010,45.34578414800586,13.760171309468424,3.832109532263445
NM,2011,46.99128278377884,11.03890174571966,4.839181944641452
NM,2012,47.02729828846676,13.1025479204656,5.187736970893889
NM,2013,46.20237004229911,12.326667912625878,4.777617759458041
NM,2014,45.08996877866666,13.114913939065184,4.1685394016302055
NM,2015,45.63385472528247,12.88265276000262,3.747127314892231
NM,2016,46.29469708329523,11.17789575885176,3.683449220972721
NV,2000,45.25643093783175,26.26544521376295,5.776254772671005
NV,2001,45.50559177596379,28.197288439913844,6.097689520120722
NV,2002,46.25528365271336,28.05038890746191,6.655646819030275
NV,2003,45.50993247004482,25.698749720292263,5.98045737647278
NV,2004,44.89674663208297,25.405746490135037,5.356580495241048
NV,2005,44.042691757059416,27.59403361288805,5.568311766179267
NV,2006,45.64214823413491,27.16155258984741,5.538827858624912
NV,2007,45.38234280279058,23.47851902979941,6.724249082655326
NV,2008,45.59400508384199,28.08105488992575,7.458918800527908
NV,2009,45.126122526824766,23.63264627975719,7.458918800527908
NV,2010,44.69491998626881,19.339670254922463,5.4142962368128345
NV,2011,45.16895598842464,20.38627927167109,5.593148172523732
NV,2012,46.42685775581477,20.784916762470168,5.699425879080413
NV,2013,45.51714750065816,19.096788070065436,6.728797390580144
NV,2014,45.38931576814027,20.61506374996295,5.59005417893351
NV,2015,45.73394358029471,22.24020233086426,5.335097209313862
NV,2016,46.18489593108664,18.60899427234347,4.697805405396744
NY,2000,35.87639440447676,27.039458079795686,11.633355312434244
NY,2001,38.85272194528047,26.289336681733875,12.118577629733815
NY,2002,39.21563097532638,23.725848360177785,11.453975989496817
NY,2003,37.54544045452119,25.11433190264717,11.462866259806926
NY,2004,35.87142769126011,21.93274420173754,10.676556375354949
NY,2005,38.18454939907318,21.143521886071145,11.378173370906676
NY,2006,36.3296636389401,19.75175852321924,9.717581977930614
NY,2007,37.73757124636434,18.82059149166753,10.16915034652758
NY,2008,37.16093460638914,19.172532640677257,8.934482241277124
NY,2009,36.24157003713355,18.723672139294703,8.934482241277124
NY,2010,39.50623035786169,19.71224523912776,7.744353521889565
NY,2011,38.2650803287837,20.060349881854545,8.279418421426783
NY,2012,38.4920833759905,18.591854175804865,7.592668207037628
NY,2013,39.236901226527145,20.82848620701523,7.713109972667236
NY,2014,38.79174866970303,17.239430957938904,7.059627496530163
NY,2015,39.20404890928131,18.2562914377316,6.991156609834552
NY,2016,39.02965939624344,15.579487062362452,5.8106653887591335
OH,2000,39.05569306512261,25.712287343103,15.979768498092282
OH,2001,40.651072120426775,25.24705146045947,15.792852208576694
OH,2002,40.73639732535103,23.8691468638774,15.625541289442236
OH,2003,39.091306995093895,24.611857418381383,15.06127320037806
OH,2004,37.55389509810367,21.489370452542477,14.2396411061136
OH,2005,40.168527327293006,23.83366531841997,15.123244329650678
OH,2006,38.7067405760249,20.54209011083609,12.97973988838
OH,2007,40.78869748462086,18.19047786420509,13.983052318010271
OH,2008,39.43045796074536,17.545246804953084,11.795023242787654
OH,2009,37.8268300545968,15.933292869491336,11.795023242787654
OH,2010,40.77384138942256,17.377243826831936,12.2377924397449
OH,2011,39.187395556717725,16.28711717432467,11.345116321156633
OH,2012,40.49730874350584,17.80823450180864,10.40443333274268
OH,2013,38.12595308617998,16.29463384450757,10.070295353890227
OH,2014,38.3666109482688,17.19323659103537,10.461065528418882
OH,2015,39.296303539397634,17.143927964862666,9.747413218892731
OH,2016,39.47158643151869,15.355032527769836,8.085704497146056
OK,2000,42.05719183269122,16.37970597686863,10.444232360390515
OK,2001,41.9233517121892,17.45263246755334,10.00987062501082
OK,2002,40.616853671317486,15.570403026351014,9.618815368443023
OK,2003,41.97215106244644,15.859754320595345,10.268771316818231
OK,2004,39.76132945000622,15.38428168802593,9.586324614746289
OK,2005,42.66254095083401,18.19757400605938,10.706949693285123
OK,2006,44.19349994034703,15.73376958340277,9.060058843804905
OK,2007,40.21305909778997,12.990493562061404,10.541512413048755
OK,2008,41.04392764308821,11.823020351869303,9.853131622590611
OK,2009,40.56251081469232,12.072453885978044,9.853131622590611
OK,2010,41.39198296435504,12.302499595268246,9.88990907267095
OK,2011,45.14180983147868,13.680167268411962,9.539623875017185
OK,2012,43.84523729815533,13.00102779690341,8.889075280899181
OK,2013,41.4112964187296,12.192043514946722,8.476861166777413
OK,2014,40.13503401670294,10.698421007415543,8.303135728799292
OK,2015,40.272705689506594,12.054194515385468,7.030438257155163
OK,2016,40.56846224372558,9.838778747676155,7.32666080990532
OR,2000,36.35233367909347,22.127374275968595,5.864546245111917
OR,2001,36.80137896589177,20.00892769763805,5.203343579963778
OR,2002,37.85698070223659,18.612643516983,5.630915871585991
OR,2003,38.62683822366319,16.070574446193618,5.730806863698325
OR,2004,36.584169249220565,14.038526715483728,5.563830431010961
OR,2005,36.3767677341988,12.487204972153018,5.411392605042516
OR,2006,38.56321037987874,9.909735708579364,5.674587856453662
OR,2007,36.39894386642808,9.930755988271224,5.112496451557839
OR,2008,35.96059545957394,14.427052690862348,5.245271866582358
OR,2009,36.03273325239231,13.614708714353965,5.245271866582358
OR,2010,34.88338316164831,11.912014448308575,4.164453147730147
OR,2011,35.16401051067245,9.910878900830632,5.509845378666235
OR,2012,36.98308418051237,10.14671100723323,5.557193888412987
OR,2013,35.2461916024504,9.67836643944287,5.814552696055757
OR,2014,36.16681061955092,11.657804987275918,5.185049657758532
OR,2015,37.54509606358416,12.662910373270336,6.285018777954325
OR,2016,37.14552186387711,10.22149070209012,4.1891235867938565
PA,2000,37.011370217233015,23.84819522496234,13.733629721250898
PA,2001,39.82170481988761,23.308349537376483,14.5747370342978
PA,2002,40.20336538967286,22.28563847761403,13.695937674025917
PA,2003,37.67503228829615,22.38872742918203,13.883831447540384
PA,2004,36.95876012981322,20.762683971380635,13.599487616554768
PA,2005,39.321876740059565,21.339636143026283,13.941612507381477
PA,2006,37.73819660038175,19.23430271146425,12.414593015030825
PA,2007,39.21302977382519,18.26817349972571,13.26475345008216
PA,2008,38.21436283365815,17.389485535519086,11.298206907028586
PA,2009,36.77843547247132,15.70051514792538,11.298206907028586
PA,2010,40.76247512741063,15.731577932537444,10.42132950534806
PA,2011,39.17994703576571,18.193990425534132,10.291945018038012
PA,2012,39.607792969109006,17.29574899612786,9.85433049467502
PA,2013,39.72460754639825,14.870647627220858,9.807577981748103
PA,2014,39.53759712470855,15.372157059201838,9.643823057257238
PA,2015,40.03210141431775,15.684348674295627,9.524660493774569
PA,2016,39.90256336639594,14.548666186385478,7.783666499704167
RI,2000,35.65462433137984,24.34422127326468,9.521401647122431
RI,2001,38.82542600918495,24.771068639412977,10.642113615712004
RI,2002,38.84908973351324,23.306034595979977,9.457801630089902
RI,2003,38.222864988680335,24.8928675274905,9.892263616102124
RI,2004,36.85362433191973,21.931671680106582,9.018736520705074
RI,2005,36.80866541637686,21.625995451570745,9.351130980802294
RI,2006,37.017201449976056,20.6226750245727,8.667043798937534
RI,2007,37.88165437385821,18.008914089572365,8.670671665809465
RI,2008,37.74861756038848,17.46564079529399,7.688076994877202
RI,2009,37.19675369484367,15.717658285049517,7.688076994877202
RI,2010,39.883340148204304,14.516673472874926,6.650625452769774
RI,2011,39.37397921580017,18.013610748448148,7.389085793121828
RI,2012,39.43287094121464,14.908086963519748,6.568447837312752
RI,2013,40.8999922293089,13.891703475951026,6.781130421223506
RI,2014,39.620771976800015,16.486309423003547,5.632646096522911
RI,2015,40.27193230123261,19.636069794751247,6.81543469431729
RI,2016,39.31517313226403,15.706831711298175,5.844802684865665
SC,2000,43.31975180561838,18.40131352997908,14.324978148204217
SC,2001,42.82369851601536,16.277924446232735,12.705057297516891
SC,2002,41.47370291689125,15.48569786938752,12.27219899916934
SC,2003,38.71220693871389,13.980878442215936,11.896547353555084
SC,2004,39.33302448935636,14.569981493310324,12.852783357847006
SC,2005,40.279138290973975,13.530723678517392,12.865804047744978
SC,2006,41.96100546620096,12.238672915035467,12.304566750119427
SC,2007,42.96837823045771,11.379824439013085,12.346793022713866
SC,2008,41.37012278396124,12.31234501036982,10.830192812222135
SC,2009,37.29220561100579,10.54230620503368,10.830192812222135
SC,2010,41.086042640541216,12.311389483008371,10.31037873937622
SC,2011,41.526049752940665,14.068932806433777,10.208077719727228
SC,2012,38.92884969452536,12.14957095557876,8.860074931439684
SC,2013,35.85173043984694,10.35325774580084,8.077673728173874
SC,2014,37.285570641259866,9.907881020164838,8.453128935975002
SC,2015,37.87455479149404,11.62975271448338,7.653341101527355
SC,2016,39.06216288076771,9.914055032668983,7.988536935398538
SD,2000,38.1765464771795,12.428870672788277,7.974506683238597
SD,2001,40.09593710454504,12.111800854466336,7.797277093335349
SD,2002,39.58735165244499,8.627030138235186,7.425428768368798
SD,2003,40.2933027868858,11.588230900130924,8.319030984745856
SD,2004,38.20902179657638,9.309911373570058,7.694214966504117
SD,2005,39.64386328208963,8.017753558462216,8.384822214232175
SD,2006,39.92611616266292,8.72233034068271,7.890077105888463
SD,2007,39.12485898769548,6.352865164887037,7.802232183222943
SD,2008,38.723402732973234,8.780217856081597,7.158235184527654
SD,2009,37.674772876540096,6.92198924922864,7.158235184527654
SD,2010,39.526497312509335,7.922073466280443,7.265696751771853
SD,2011,40.05859221063994,7.360146293446167,6.30152560944268
SD,2012,41.28765173784004,8.251580589839532,6.36332809877186
SD,2013,40.87067834874287,8.54080907489025,6.1537451150763465
SD,2014,39.09215170452759,8.821061408221595,5.240674110155358
SD,2015,39.57112929630723,8.065561148383537,5.983466980785493
SD,2016,39.07029644944253,7.474338180620529,4.8672605374508064
TN,2000,43.42267719934449,18.915638114861007,15.599204752931849
TN,2001,42.47422997519799,17.89611577133725,14.10278576471863
TN,2002,41.23225809473083,15.898548300241147,13.76089564888991
TN,2003,40.35225034534364,14.40494191044542,13.195109060815328
TN,2004,39.84127113298441,13.22986427891688,12.6985993180691
TN,2005,42.13455842167087,13.394716718933752,14.02382077871256
TN,2006,42.4154770488578,12.856304609666708,12.898466052249187
TN,2007,44.224571377022016,12.32231808450916,13.314359682782973
TN,2008,41.40527666824138,12.155581609872348,11.241162310006713
TN,2009,38.46549682512412,9.228824735567816,11.241162310006713
TN,2010,42.25686183399845,10.838172010222069,11.146180638228676
TN,2011,41.88015220237057,12.403102978927762,10.942173604773584
TN,2012,41.650898304356055,13.331705376409657,9.920612482544332
TN,2013,38.83883370399879,10.720062323648191,8.68466160675245
TN,2014,39.08970377391162,11.771379104568528,8.891852333878708
TN,2015,39.06139321831518,10.014092873406655,8.045399859474069
TN,2016,40.503823382150486,8.818173714501011,7.781440648980025
TX,2000,41.357145025548334,20.7713295728094,10.741640385226711
TX,2001,40.78956846282837,21.02693474632716,10.050995657608972
TX,2002,40.7150816083461,17.819140861526865,10.42739198469214
TX,2003,41.74578911492778,18.01310822079743,11.522767827466168
TX,2004,40.01615872011681,18.19928893540057,10.974345164411504
TX,2005,42.30392574642487,18.843790074669847,11.497081306229711
TX,2006,42.579371935999056,16.96237306870915,11.015786387727964
TX,2007,39.37827568858458,15.07721635305979,10.985844260118432
TX,2008,40.51455324405025,15.748836951019472,10.57301598296427
TX,2009,39.85982052892254,14.071915254802468,10.57301598296427
TX,2010,40.26939556451983,14.218275242522438,9.72422554879524
TX,2011,42.84728524443524,13.60455614735157,9.85722392658975
TX,2012,41.902586769207005,13.878859453532383,9.74584352994076
TX,2013,40.73512090862336,13.185241644310157,9.176125668903836
TX,2014,39.11910391057268,13.446636538227612,8.93647084556374
TX,2015,39.51810547809816,12.881459524076378,8.459829086606225
TX,2016,39.50098189560741,12.357846943567596,7.853966888391743
UT,2000,46.33905495207324,28.635831555271437,6.192161175199042
UT,2001,46.24308178639307,31.50434063594513,6.751774062076684
UT,2002,46.68513666438634,34.155754924994,7.01693308346161
UT,2003,46.7558385805636,30.240144587709917,5.761333870544744
UT,2004,45.3778709587401,30.302662624188635,7.199250717941363
UT,2005,45.777343103117445,28.26530112101271,6.118642694057152
UT,2006,45.59969195393566,24.2869939751622,5.976267161589681
UT,2007,45.24790200284991,22.269589100803408,6.747635057764279
UT,2008,44.52887112940928,22.34248525771784,6.053272788404769
UT,2009,43.8142903152935,20.18123867258599,6.053272788404769
UT,2010,44.38577528602397,15.877792685857004,5.910497787206379
UT,2011,44.88254563570394,16.78533282864877,5.503933007773403
UT,2012,45.832221413728746,18.406211815544182,5.826579518901995
UT,2013,44.97468414872285,18.36233207714089,6.94198819394354
UT,2014,44.23003841660801,16.318023496307546,5.060882514958365
UT,2015,45.29295703457188,17.535987676330265,4.887342478939791
UT,2016,45.486044167392265,13.82798947951222,5.0694550797304565
VA,2000,40.748333347005214,21.80310516218562,13.831117812085129
VA,2001,42.25568199457977,22.16695365965302,13.486251894981082
VA,2002,43.012322773573096,21.206440487578835,12.901013372117491
VA,2003,39.54983053585878,20.989212304848976,12.758599479638391
VA,2004,39.07406954568831,20.202059648035164,12.946720928938388
VA,2005,40.641898304901794,18.75690479538861,13.038851222484697
VA,2006,41.04340386258499,16.418762914909703,12.173908168086584
VA,2007,42.30221561963437,14.795571494573522,12.20087153799484
VA,2008,40.56905209506302,14.621314549885447,10.407139315608363
VA,2009,38.592206712953455,13.27118729209672,10.407139315608363
VA,2010,42.53687140888383,13.396197954031154,9.708435910653938
VA,2011,41.465395156278845,14.458960882225847,9.21281962613006
VA,2012,40.40999417959071,14.894066900665193,8.530516382128923
VA,2013,39.42631161698762,12.30030565421247,7.82289060499006
VA,2014,40.25243234126718,12.544179004742288,8.00493617909172
VA,2015,40.24634700293975,12.297232339654732,7.971248859629276
VA,2016,40.01527408612988,11.457694620400096,6.938423043970437
VT,2000,35.3302715329686,15.606713217876838,6.8692551071741015
VT,2001,38.12637811990548,14.771688198525633,7.738409633221335
VT,2002,38.39566564996615,16.00338485097578,8.375686604474065
VT,2003,38.31467643312787,15.708900557293804,7.218817703049752
VT,2004,36.71095321421857,11.201582397573087,6.763552500469007
VT,2005,37.73178900896673,7.780268066638623,7.830090978832874
VT,2006,35.91325509057612,9.493255905963553,6.970238892684714
VT,2007,37.156320514618834,7.860893657764211,7.527261300366536
VT,2008,36.59938014154287,9.809901068942125,6.64383356746197
VT,2009,35.98974351483,8.2630873305017,6.64383356746197
VT,2010,38.36478181940896,9.257825705215296,5.8554438312492
VT,2011,38.05570422911155,10.919326012596654,6.152701235070211
VT,2012,38.542582989586606,12.60931504921438,5.52398265838638
VT,2013,39.43586171814617,10.333241539715756,5.702666957739633
VT,2014,39.08266786733434,11.33348805203688,5.127872426283599
VT,2015,39.02543236455679,13.770491409145665,4.990205700240569
VT,2016,37.74527723135724,10.35323792728179,4.393468366700693
WA,2000,36.12531185310074,25.151929149286413,8.19588698940336
WA,2001,36.86556356295169,24.526659480437417,6.815826676343031
WA,2002,36.6548076109944,20.611627451048463,6.845565720503619
WA,2003,38.04744039337057,17.455012392385623,6.677047839058124
WA,2004,35.828277659779566,16.515891113718233,6.513883868488533
WA,2005,35.9654050710767,14.987249838596886,5.692990060824469
WA,2006,37.76878814519908,10.605655779794237,6.260040877010054
WA,2007,35.91267895333585,11.830180907799209,5.799882263567344
WA,2008,35.79784002782224,15.027689115010448,5.71259656305314
WA,2009,36.086921182549645,13.4463456415992,5.71259656305314
WA,2010,35.4190036708473,10.815990460694923,4.734754268463402
WA,2011,35.79303381415496,10.14758741178072,5.471629732984307
WA,2012,37.09358694035594,11.78090897655382,5.432914799066877
WA,2013,35.63559369070888,10.501217273696236,5.5902239873965005
WA,2014,37.0972284508247,16.039210049594907,5.581408617507853
WA,2015,38.660070209476025,17.81497736281944,6.258161587769108
WA,2016,37.878226752547874,14.988867477945824,4.572633413563949
WI,2000,36.140346443550776,19.31856450983628,10.523014294707211
WI,2001,37.43561152377229,18.754531562629836,10.917800492382996
WI,2002,37.2978410166188,16.1598109956327,10.706757576888048
WI,2003,38.08961808270616,16.13711834814788,10.28029516948719
WI,2004,35.40873708928616,12.416500430950936,9.787103864848254
WI,2005,38.43569279945332,14.207170164106088,10.642656500289643
WI,2006,36.74802762988778,13.840967457382316,10.587410768657842
WI,2007,37.75338856543756,10.714233092015949,10.977325231462991
WI,2008,36.95321220426965,12.228460747584093,10.622393856498038
WI,2009,35.57730862669932,12.28216301075029,10.622393856498038
WI,2010,37.828170888377656,12.1911052769043,8.927514596782178
WI,2011,37.355899852355286,11.923599282639334,8.706175737485587
WI,2012,38.258257150294064,13.097763018333591,7.903366445481908
WI,2013,37.68280298014707,13.40900152562446,7.607348488407406
WI,2014,36.87384231120112,12.56312721881533,7.901960877917292
WI,2015,38.17702057551003,12.589677077130446,7.632813781550543
WI,2016,37.39515421818078,12.545611231087475,6.538968086884007
WV,2000,42.154761187409065,15.14777097728494,13.687055339977071
WV,2001,43.0706518154189,18.54768335806099,13.454924797433227
WV,2002,42.41686117811359,18.2452707253087,13.40921876338021
WV,2003,39.85537124887995,17.84343901643011,12.56536631962884
WV,2004,38.78571300988877,19.164562514004007,12.383962002657189
WV,2005,40.79037212192116,13.623496625282783,12.68201475815893
WV,2006,40.6414673531317,11.973777512738405,11.592097002704664
WV,2007,42.76940757631099,11.332064098962888,13.53522032625018
WV,2008,40.56917863073828,11.767118717050256,10.044639496272747
WV,2009,38.33353195543717,7.946370566233831,10.044639496272747
WV,2010,41.90447928946975,8.227596147189992,9.639961730868846
WV,2011,40.86140286953098,11.83082704374556,8.918398798654382
WV,2012,40.625534240363045,12.836751573477065,8.279640608124327
WV,2013,38.572292304076896,10.105391775593208,7.564410960606627
WV,2014,39.577620749574905,11.416656344143862,7.5921174571751955
WV,2015,39.85931031822426,7.2392058640113,7.387976841452462
WV,2016,39.6630352083722,6.926904569383707,6.45194042480713
WY,2000,44.12019044481382,12.085571717522113,4.485482708888337
WY,2001,44.40074010654804,12.371424034305296,4.448824035666919
WY,2002,44.8970102663863,17.044684058332653,4.471801342168275
WY,2003,45.32106267989493,16.441972339286714,4.723866558622216
WY,2004,43.492074697626,19.294884820434035,4.125007230632076
WY,2005,43.97557950414101,14.07085187770364,4.013905891312191
WY,2006,45.25323473469943,13.228285400686849,4.702770910734939
WY,2007,44.655766881272136,9.491295143004749,4.530846661340454
WY,2008,44.88552131241321,9.23096357168135,4.067601043711055
WY,2009,43.61507256652833,7.626811368471318,4.067601043711055
WY,2010,43.90402953469758,7.09536815816135,3.468543639319308
WY,2011,44.70468899852568,6.139791958587379,3.677788175681577
WY,2012,44.95719961222547,8.188433831020387,4.9179552226252365
WY,2013,44.123881305494486,7.328789719706224,3.72050357144509
WY,2014,43.3379310943166,8.065399563896165,3.3494082941525654
WY,2015,44.39894415359714,6.806475914268111,3.616357325453855
WY,2016,43.73005266829423,6.127310476292439,3.5320692717429014
