,State,Year,Petroleum
1650,AL,2000,37.39250094889211
1651,,2000,19.63447266016491
1652,AZ,2000,34.43423060431031
1653,AR,2000,24.60153411161078
1654,CA,2000,247.2988344775019
1655,CO,2000,29.18371128835826
1656,CT,2000,30.69277186557145
1657,DE,2000,9.308754626606841
1658,DC,2000,2.472232221106458
1659,FL,2000,136.4586048037436
1660,GA,2000,69.71226216797443
1661,,2000,16.89099264445635
1662,ID,2000,10.52402762650303
1663,IL,2000,83.19100042535277
1664,IN,2000,58.25515190168885
1665,IA,2000,24.83017744626218
1666,KS,2000,24.89340012379185
1667,KY,2000,39.99947104965251
1668,LA,2000,113.138939345434
1669,ME,2000,18.79006818534761
1670,MD,2000,37.24377467648194
1671,MA,2000,52.58915294308456
1672,MI,2000,66.97192313263572
1673,MN,2000,43.32945336884906
1674,MS,2000,31.06513710124354
1675,MO,2000,45.96131340655996
1676,MT,2000,11.31000159785374
1677,NE,2000,15.3129124851732
1678,NV,2000,16.37797873160114
1679,NH,2000,11.8962500702509
1680,NJ,2000,80.63888095715404
1681,NM,2000,15.67995400939252
1682,NY,2000,113.1960245722903
1683,NC,2000,61.77704225557462
1684,ND,2000,7.919091444901602
1685,OH,2000,82.47062259576839
1686,OK,2000,35.44223185857408
1687,OR,2000,25.79135860182352
1688,PA,2000,97.47699093542832
1689,RI,2000,6.911748586423427
1690,SC,2000,32.37110945163754
1691,SD,2000,7.411301605260664
1692,TN,2000,47.07769949355148
1693,TX,2000,290.2826679977301
1694,UT,2000,18.0706453844282
1695,VT,2000,6.231885052179702
1696,VA,2000,60.59479362587246
1697,WA,2000,58.64669931148435
1698,WV,2000,14.48816451102045
1699,WI,2000,39.55564952797624
1700,WY,2000,9.82979400547978
1705,AL,2001,35.47095085262313
1706,,2001,20.04063069417329
1707,AZ,2001,35.56924542232939
1708,AR,2001,24.45411563228609
1709,CA,2001,247.7971586992963
1710,CO,2001,30.75534467397568
1711,CT,2001,29.90586567942942
1712,DE,2001,9.656064943716363
1713,DC,2001,2.391095466037107
1714,FL,2001,138.3157596444404
1715,GA,2001,69.25334480863995
1716,,2001,17.32635215917113
1717,ID,2001,10.24952955179855
1718,IL,2001,80.86733957124105
1719,IN,2001,55.04642621343088
1720,IA,2001,24.31746679896613
1721,KS,2001,23.82817881591048
1722,KY,2001,43.41487642641222
1723,LA,2001,106.9989434485007
1724,ME,2001,16.30521518439938
1725,MD,2001,38.94426542064521
1726,MA,2001,52.52160206028195
1727,MI,2001,65.90347126749471
1728,MN,2001,43.22708100537666
1729,MS,2001,33.11069425658242
1730,MO,2001,49.18314255779244
1731,MT,2001,11.02780978988958
1732,NE,2001,14.85007286183347
1733,NV,2001,17.25856731528983
1734,NH,2001,11.83877032212604
1735,NJ,2001,79.82112243210467
1736,NM,2001,16.59787955319209
1737,NY,2001,115.1223772673298
1738,NC,2001,61.10295490072062
1739,ND,2001,8.857617704284037
1740,OH,2001,83.67353415881979
1741,OK,2001,39.36138330520257
1742,OR,2001,24.19636833449647
1743,PA,2001,98.1162967474406
1744,RI,2001,7.077705189290896
1745,SC,2001,33.40266798680294
1746,SD,2001,7.332069400399276
1747,TN,2001,48.07964936042313
1748,TX,2001,298.5146929402324
1749,UT,2001,17.89814018260644
1750,VT,2001,6.201016406770921
1751,VA,2001,61.64114245559262
1752,WA,2001,53.27085181736705
1753,WV,2001,15.39761872259249
1754,WI,2001,39.97715153899379
1755,WY,2001,10.79220521238361
1760,AL,2002,37.52412404422206
1761,,2002,19.70236547639315
1762,AZ,2002,35.98140403282224
1763,AR,2002,23.99827327110685
1764,CA,2002,256.7531733281754
1765,CO,2002,30.16431519279207
1766,CT,2002,27.21040466619622
1767,DE,2002,9.207286452890646
1768,DC,2002,2.389334870096729
1769,FL,2002,135.1185436180999
1770,GA,2002,69.13109377011781
1771,,2002,18.70039053643192
1772,ID,2002,10.22821869756804
1773,IL,2002,77.74324288807927
1774,IN,2002,58.50423198066288
1775,IA,2002,24.93787372382748
1776,KS,2002,22.97658995642884
1777,KY,2002,48.45324843950579
1778,LA,2002,106.6197201169971
1779,ME,2002,16.48821420591453
1780,MD,2002,37.2911995150438
1781,MA,2002,50.40540744664705
1782,MI,2002,66.73621919566715
1783,MN,2002,43.24886765381142
1784,MS,2002,29.29743870005677
1785,MO,2002,49.29699777638673
1786,MT,2002,11.44003566540323
1787,NE,2002,15.22542849193173
1788,NV,2002,16.3805909195325
1789,NH,2002,12.50259143742059
1790,NJ,2002,78.28908271598712
1791,NM,2002,16.3966239731795
1792,NY,2002,110.6185668869941
1793,NC,2002,59.46264905761251
1794,ND,2002,8.188046370316703
1795,OH,2002,84.70030011095838
1796,OK,2002,37.01321388427476
1797,OR,2002,24.69594590857913
1798,PA,2002,97.10844080788372
1799,RI,2002,6.956953305102588
1800,SC,2002,33.40843638285683
1801,SD,2002,7.787786776109487
1802,TN,2002,50.19889985158616
1803,TX,2002,300.2037547751701
1804,UT,2002,18.18757807348328
1805,VT,2002,5.920322073798795
1806,VA,2002,59.51223161166847
1807,WA,2002,51.12193728458649
1808,WV,2002,15.92909373264769
1809,WI,2002,39.99623459847143
1810,WY,2002,10.63861125693473
1815,AL,2003,37.84152092334994
1816,,2003,20.43486014628687
1817,AZ,2003,37.06877848691921
1818,AR,2003,24.72304233624535
1819,CA,2003,247.1612564149024
1820,CO,2003,30.24430443121906
1821,CT,2003,30.67601560116078
1822,DE,2003,9.612871726135495
1823,DC,2003,2.150147014868558
1824,FL,2003,139.6536927778561
1825,GA,2003,71.89037199518357
1826,,2003,19.63044304577941
1827,ID,2003,9.784671185544227
1828,IL,2003,81.97445392264974
1829,IN,2003,61.01699272113017
1830,IA,2003,24.4983299025374
1831,KS,2003,26.79339362040912
1832,KY,2003,45.70825128705881
1833,LA,2003,108.4374910219229
1834,ME,2003,19.18372794680921
1835,MD,2003,39.94945356466557
1836,MA,2003,52.46024726723562
1837,MI,2003,65.89191434372438
1838,MN,2003,44.99585052280522
1839,MS,2003,32.67421390740471
1840,MO,2003,50.70720651028712
1841,MT,2003,11.44784996207523
1842,NE,2003,15.65702269881395
1843,NV,2003,16.4252027674989
1844,NH,2003,14.07419395820859
1845,NJ,2003,79.76115563580991
1846,NM,2003,16.95403856625652
1847,NY,2003,126.0104054527733
1848,NC,2003,61.68834808040268
1849,ND,2003,8.394694118221349
1850,OH,2003,87.08165112613291
1851,OK,2003,37.52206393587183
1852,OR,2003,24.24723433292869
1853,PA,2003,99.96841802553857
1854,RI,2003,7.314562427470459
1855,SC,2003,34.86995443461088
1856,SD,2003,7.36643865181916
1857,TN,2003,52.06765839619194
1858,TX,2003,301.5601643227413
1859,UT,2003,18.76112668531842
1860,VT,2003,6.22114199001397
1861,VA,2003,65.69627804669722
1862,WA,2003,51.0397793254716
1863,WV,2003,15.01448970866364
1864,WI,2003,38.21668908745614
1865,WY,2003,11.12109375909578
1870,AL,2004,40.21277082713786
1871,,2004,23.88689606452124
1872,AZ,2004,37.77895020697162
1873,AR,2004,25.33885410054628
1874,CA,2004,257.3633438484592
1875,CO,2004,32.91523264642603
1876,CT,2004,31.74182746306574
1877,DE,2004,8.893835689559813
1878,DC,2004,2.194809190161091
1879,FL,2004,150.2663572153055
1880,GA,2004,74.33434355494633
1881,,2004,20.59348866834535
1882,ID,2004,10.42674961805714
1883,IL,2004,85.0139843927885
1884,IN,2004,59.29071044432667
1885,IA,2004,25.89275217766212
1886,KS,2004,26.19956553496976
1887,KY,2004,50.57139421379383
1888,LA,2004,111.5289924530022
1889,ME,2004,18.65643452177139
1890,MD,2004,41.51698947892611
1891,MA,2004,52.64267007543042
1892,MI,2004,65.79181874549711
1893,MN,2004,45.61256733589386
1894,MS,2004,32.85422801767787
1895,MO,2004,50.46376550480208
1896,MT,2004,12.53925677253377
1897,NE,2004,15.9567480735522
1898,NV,2004,17.85832721381055
1899,NH,2004,14.44407615510972
1900,NJ,2004,81.23940317925398
1901,NM,2004,17.40746288991379
1902,NY,2004,129.4198537938449
1903,NC,2004,63.26918594886719
1904,ND,2004,8.9484929563848
1905,OH,2004,87.9823689518106
1906,OK,2004,35.12776419027009
1907,OR,2004,24.74990794423124
1908,PA,2004,101.3295428445823
1909,RI,2004,7.03516136215447
1910,SC,2004,40.10665524463843
1911,SD,2004,7.443735875938845
1912,TN,2004,52.89826135865635
1913,TX,2004,305.3424052658085
1914,UT,2004,19.18030051542763
1915,VT,2004,6.614036462491014
1916,VA,2004,69.69395311457305
1917,WA,2004,52.73109522969709
1918,WV,2004,16.52502157214295
1919,WI,2004,39.91056830558104
1920,WY,2004,10.83329517750797
1925,AL,2005,39.73325089681147
1926,,2005,23.80456620501674
1927,AZ,2005,38.91982312874408
1928,AR,2005,25.3052811342265
1929,CA,2005,262.6405602663735
1930,CO,2005,33.48174482773942
1931,CT,2005,30.8354915718011
1932,DE,2005,9.435627263937835
1933,DC,2005,2.053814175638845
1934,FL,2005,153.1986225283257
1935,GA,2005,77.13833208465984
1936,,2005,21.30989326474473
1937,ID,2005,10.62936193615698
1938,IL,2005,92.77031748338072
1939,IN,2005,59.02213860998724
1940,IA,2005,26.36255858178188
1941,KS,2005,23.29306034313266
1942,KY,2005,49.6287457661009
1943,LA,2005,107.0933922383479
1944,ME,2005,18.97988423245929
1945,MD,2005,42.34682714097315
1946,MA,2005,52.5682837727588
1947,MI,2005,65.14120331399509
1948,MN,2005,46.03946122247559
1949,MS,2005,30.87591695302122
1950,MO,2005,50.24375588745043
1951,MT,2005,13.08871782803876
1952,NE,2005,15.64007059310912
1953,NV,2005,18.7917245180023
1954,NH,2005,13.17826346968706
1955,NJ,2005,85.58664652532406
1956,NM,2005,17.35615581836256
1957,NY,2005,128.4721971959911
1958,NC,2005,64.15435603173361
1959,ND,2005,9.042156278403205
1960,OH,2005,85.52690677220156
1961,OK,2005,37.04846860077804
1962,OR,2005,25.10273481520478
1963,PA,2005,102.1860831122093
1964,RI,2005,6.836372794900971
1965,SC,2005,38.1236353852798
1966,SD,2005,7.517068563673402
1967,TN,2005,53.05286470262322
1968,TX,2005,300.711243330216
1969,UT,2005,19.93205404727014
1970,VT,2005,6.373606386290763
1971,VA,2005,69.38939265749129
1972,WA,2005,54.13299208132906
1973,WV,2005,16.55304166698253
1974,WI,2005,39.26423377854577
1975,WY,2005,10.97354325705311
1980,AL,2006,40.29665502747441
1981,,2006,24.57572205843896
1982,AZ,2006,39.95442255656852
1983,AR,2006,24.97531119841003
1984,CA,2006,266.8794207793399
1985,CO,2006,34.62481006714036
1986,CT,2006,27.26080498818023
1987,DE,2006,8.48996832446751
1988,DC,2006,1.610418852879557
1989,FL,2006,144.1343647179301
1990,GA,2006,75.05810509068282
1991,,2006,21.54587034082172
1992,ID,2006,10.90885388396442
1993,IL,2006,89.10307566044753
1994,IN,2006,59.64088630195507
1995,IA,2006,27.21641604423139
1996,KS,2006,24.06195547847032
1997,KY,2006,49.87110526727878
1998,LA,2006,115.2169379381783
1999,ME,2006,17.05058082863444
2000,MD,2006,37.2096559725785
2001,MA,2006,45.90031017235927
2002,MI,2006,62.67382563130174
2003,MN,2006,44.95080021056876
2004,MS,2006,31.52247594409532
2005,MO,2006,50.43937320949556
2006,MT,2006,13.55133674777392
2007,NE,2006,15.72740087626314
2008,NV,2006,20.01807859775042
2009,NH,2006,11.70103360774022
2010,NJ,2006,82.08324933878157
2011,NM,2006,18.32786484042653
2012,NY,2006,110.0847777514474
2013,NC,2006,62.31407074206696
2014,ND,2006,8.858768854487518
2015,OH,2006,86.68330378237879
2016,OK,2006,38.72656213290284
2017,OR,2006,25.67091812633639
2018,PA,2006,97.21325182669926
2019,RI,2006,6.369780187131626
2020,SC,2006,38.50348930308465
2021,SD,2006,7.467562685699185
2022,TN,2006,53.32843870845598
2023,TX,2006,309.675380518102
2024,UT,2006,21.84711354441554
2025,VT,2006,6.253542844770877
2026,VA,2006,66.86765677934972
2027,WA,2006,56.17191559083895
2028,WV,2006,16.80115054472116
2029,WI,2006,39.25968396081144
2030,WY,2006,11.95770333064969
2035,AL,2007,40.13781725014479
2036,,2007,23.15267227219112
2037,AZ,2007,39.23457902244301
2038,AR,2007,25.12391553289222
2039,CA,2007,266.9224664700166
2040,CO,2007,35.00801451366618
2041,CT,2007,26.6239130335302
2042,DE,2007,8.40790346805607
2043,DC,2007,1.538121189669271
2044,FL,2007,138.0008850508331
2045,GA,2007,72.54233979676599
2046,,2007,22.20904354133566
2047,ID,2007,10.93371751702916
2048,IL,2007,88.4315966964492
2049,IN,2007,58.02828608598121
2050,IA,2007,27.24716831068352
2051,KS,2007,26.02025249466057
2052,KY,2007,48.87382407853207
2053,LA,2007,112.9261288069453
2054,ME,2007,16.75300441716035
2055,MD,2007,36.18105384210745
2056,MA,2007,46.28340904160155
2057,MI,2007,62.75948348566295
2058,MN,2007,44.92836119227635
2059,MS,2007,30.98597004892153
2060,MO,2007,50.39920521940677
2061,MT,2007,14.77470551924878
2062,NE,2007,15.90515484582487
2063,NV,2007,20.03429715430845
2064,NH,2007,11.4700552949587
2065,NJ,2007,86.26398669279078
2066,NM,2007,18.24193152416632
2067,NY,2007,111.0309425899724
2068,NC,2007,62.63467390218285
2069,ND,2007,9.705694796876271
2070,OH,2007,88.06194177052768
2071,OK,2007,38.35450476848145
2072,OR,2007,25.66750799543163
2073,PA,2007,95.8608830094042
2074,RI,2007,6.288599563834962
2075,SC,2007,37.51745370755638
2076,SD,2007,7.861333898147936
2077,TN,2007,52.91357266999177
2078,TX,2007,303.4045144057919
2079,UT,2007,21.21443509302124
2080,VT,2007,6.042863878468073
2081,VA,2007,67.17669823966087
2082,WA,2007,58.31866722568916
2083,WV,2007,16.78168660164211
2084,WI,2007,39.24992030326316
2085,WY,2007,12.06707488672248
2090,AL,2008,37.40560586673872
2091,,2008,19.96134210882811
2092,AZ,2008,37.12895484637848
2093,AR,2008,25.08824675130257
2094,CA,2008,248.5105326926538
2095,CO,2008,33.6669355356738
2096,CT,2008,24.37978593956359
2097,DE,2008,7.76724559076551
2098,DC,2008,1.306165200289295
2099,FL,2008,121.0792448560802
2100,GA,2008,65.25741755784935
2101,,2008,17.39164173108538
2102,ID,2008,9.939109280081162
2103,IL,2008,83.7926190639573
2104,IN,2008,54.4421448830572
2105,IA,2008,26.92540371064456
2106,KS,2008,24.26302109903585
2107,KY,2008,45.93356500219623
2108,LA,2008,108.4299190093328
2109,ME,2008,14.56064603556933
2110,MD,2008,34.33787490871885
2111,MA,2008,44.53236431460201
2112,MI,2008,57.27927806914893
2113,MN,2008,42.93771820291027
2114,MS,2008,28.75065487569078
2115,MO,2008,46.98063825605923
2116,MT,2008,13.77280444274836
2117,NE,2008,15.23615073019219
2118,NV,2008,17.95213727061173
2119,NH,2008,10.97757589854861
2120,NJ,2008,85.40200856144062
2121,NM,2008,16.45157165095489
2122,NY,2008,104.5096222736436
2123,NC,2008,60.14214247810083
2124,ND,2008,9.537959520140475
2125,OH,2008,84.5709765632815
2126,OK,2008,37.42175023291463
2127,OR,2008,24.210855294736
2128,PA,2008,94.00956801179599
2129,RI,2008,5.823004959443706
2130,SC,2008,35.26628638079352
2131,SD,2008,7.421087416496201
2132,TN,2008,48.64449461712702
2133,TX,2008,279.985182570985
2134,UT,2008,19.5304192651777
2135,VT,2008,5.473911755547452
2136,VA,2008,60.93732207996174
2137,WA,2008,54.04879864064451
2138,WV,2008,15.39171141528773
2139,WI,2008,37.66061700693047
2140,WY,2008,11.92242559354504
2145,AL,2009,35.26288230615511
2146,,2009,18.25175791636042
2147,AZ,2009,34.42446758842759
2148,AR,2009,23.35500693078122
2149,CA,2009,240.2538202123058
2150,CO,2009,32.03049531782339
2151,CT,2009,23.50143638616655
2152,DE,2009,5.981133904537336
2153,DC,2009,1.32560807999129
2154,FL,2009,111.951637916928
2155,GA,2009,69.08949162392955
2156,,2009,17.04270249494071
2157,ID,2009,9.806008614561712
2158,IL,2009,79.54791911498981
2159,IN,2009,52.44437873995982
2160,IA,2009,26.5501613497154
2161,KS,2009,23.98636176825366
2162,KY,2009,45.48170950814722
2163,LA,2009,101.7674793176948
2164,ME,2009,14.32894652413057
2165,MD,2009,35.16930097986207
2166,MA,2009,40.02137623378066
2167,MI,2009,55.08209304932014
2168,MN,2009,39.61855728410637
2169,MS,2009,27.68659306272361
2170,MO,2009,44.98340414556206
2171,MT,2009,12.62738076968722
2172,NE,2009,14.88475916412506
2173,NV,2009,16.46568627714189
2174,NH,2009,10.66453891430812
2175,NJ,2009,72.04162719281712
2176,NM,2009,15.57927550709903
2177,NY,2009,97.47481094956643
2178,NC,2009,54.99053854101068
2179,ND,2009,8.639380568439973
2180,OH,2009,78.5108814788746
2181,OK,2009,35.01578446644895
2182,OR,2009,24.24148949785536
2183,PA,2009,84.65518886974716
2184,RI,2009,6.222503194667551
2185,SC,2009,36.26661119285667
2186,SD,2009,7.679976204182413
2187,TN,2009,44.73921138193293
2188,TX,2009,266.2454153372421
2189,UT,2009,18.49899171685927
2190,VT,2009,5.735172992290726
2191,VA,2009,56.66923004664849
2192,WA,2009,52.07518870707831
2193,WV,2009,13.10637093537935
2194,WI,2009,35.21312981209879
2195,WY,2009,11.24189194195395
2200,AL,2010,35.450830242321
2201,,2010,18.51628521171783
2202,AZ,2010,37.94720621756947
2203,AR,2010,23.64145505320105
2204,CA,2010,229.5694083511135
2205,CO,2010,32.67100796958207
2206,CT,2010,22.9299590705975
2207,DE,2010,7.229002297207367
2208,DC,2010,1.425640384767256
2209,FL,2010,122.093734539648
2210,GA,2010,73.43327193949547
2211,,2010,18.63987515341462
2212,ID,2010,10.98391351123573
2213,IL,2010,80.21766281604987
2214,IN,2010,50.4099381540377
2215,IA,2010,26.91199602081866
2216,KS,2010,23.62720039937541
2217,KY,2010,44.13244431007364
2218,LA,2010,102.3029649968842
2219,ME,2010,13.29853203417145
2220,MD,2010,34.49339500816037
2221,MA,2010,41.1249692183401
2222,MI,2010,56.18349541375115
2223,MN,2010,39.43040680811133
2224,MS,2010,26.15613108469309
2225,MO,2010,45.51344905406935
2226,MT,2010,11.71179458266697
2227,NE,2010,16.87840225487097
2228,NV,2010,19.53724025470558
2229,NH,2010,10.20903550450004
2230,NJ,2010,63.15292363511669
2231,NM,2010,15.50834363381137
2232,NY,2010,104.2386161488122
2233,NC,2010,59.44609490199287
2234,ND,2010,10.11403323952714
2235,OH,2010,75.63349121656574
2236,OK,2010,36.31496916830677
2237,OR,2010,23.77267157669277
2238,PA,2010,83.71195495750968
2239,RI,2010,5.935593739393633
2240,SC,2010,35.3627107033874
2241,SD,2010,7.565349087811593
2242,TN,2010,46.30446123416878
2243,TX,2010,273.7014270358625
2244,UT,2010,17.95991215483902
2245,VT,2010,5.431996820374232
2246,VA,2010,58.64109679278951
2247,WA,2010,48.78456470043415
2248,WV,2010,13.37067440590661
2249,WI,2010,35.528323888597
2250,WY,2010,11.4051155643357
2255,AL,2011,35.53880164801865
2256,,2011,18.1138895696637
2257,AZ,2011,38.2222511524971
2258,AR,2011,23.10846468232924
2259,CA,2011,222.4282537388535
2260,CO,2011,32.10547299428158
2261,CT,2011,21.98084345178372
2262,DE,2011,7.863040699836575
2263,DC,2011,1.313394155647652
2264,FL,2011,114.2160452199155
2265,GA,2011,71.4657402000887
2266,,2011,18.94561090431854
2267,ID,2011,10.81185010233633
2268,IL,2011,79.42750838619857
2269,IN,2011,49.90919106562676
2270,IA,2011,26.98689827224094
2271,KS,2011,22.73800688610311
2272,KY,2011,42.81733315616573
2273,LA,2011,102.9936916670329
2274,ME,2011,13.23721783874513
2275,MD,2011,33.33031070673893
2276,MA,2011,40.13189274609429
2277,MI,2011,55.20733085540459
2278,MN,2011,39.04777780514164
2279,MS,2011,25.29198418531756
2280,MO,2011,43.43014499928766
2281,MT,2011,12.05576085897876
2282,NE,2011,16.16450832462331
2283,NV,2011,18.3561500906652
2284,NH,2011,10.17203392724132
2285,NJ,2011,64.41030524361258
2286,NM,2011,15.94235033684295
2287,NY,2011,97.31163194448658
2288,NC,2011,56.67574125117156
2289,ND,2011,12.61831489486504
2290,OH,2011,74.19309862697868
2291,OK,2011,35.44320542952558
2292,OR,2011,23.00766237282737
2293,PA,2011,81.89938576536404
2294,RI,2011,5.582994961350787
2295,SC,2011,33.87536383179841
2296,SD,2011,7.707170884473091
2297,TN,2011,45.59627818476893
2298,TX,2011,275.2478410532844
2299,UT,2011,19.28488733039274
2300,VT,2011,5.357676347020938
2301,VA,2011,54.93847677768505
2302,WA,2011,49.16918215273379
2303,WV,2011,12.96315650223705
2304,WI,2011,34.57073104267774
2305,WY,2011,11.48198117288947
2310,AL,2012,35.04109228982822
2311,,2012,16.84568867531494
2312,AZ,2012,37.33454926558958
2313,AR,2012,22.15911961345684
2314,CA,2012,216.0683904435232
2315,CO,2012,31.80453393810471
2316,CT,2012,20.90807279814701
2317,DE,2012,7.451369061558664
2318,DC,2012,1.083233665621467
2319,FL,2012,109.5280783879441
2320,GA,2012,67.20858514892495
2321,,2012,18.56261988080377
2322,ID,2012,10.55220913846314
2323,IL,2012,76.81340251409448
2324,IN,2012,48.0090424220835
2325,IA,2012,25.55031607309213
2326,KS,2012,22.76518268652736
2327,KY,2012,41.63358396656614
2328,LA,2012,92.75292354041093
2329,ME,2012,11.82983035531081
2330,MD,2012,32.54254377185288
2331,MA,2012,37.43064437748824
2332,MI,2012,53.92476077983785
2333,MN,2012,39.3518386111267
2334,MS,2012,25.99302507680704
2335,MO,2012,42.05941403829068
2336,MT,2012,11.79298463036989
2337,NE,2012,16.19775609581389
2338,NV,2012,17.97221849619818
2339,NH,2012,9.446877764090996
2340,NJ,2012,61.0621826629418
2341,NM,2012,16.00395295452587
2342,NY,2012,94.2261034436187
2343,NC,2012,54.12294166683746
2344,ND,2012,13.8787906661242
2345,OH,2012,72.43766200398848
2346,OK,2012,36.29206886533122
2347,OR,2012,22.4606374416458
2348,PA,2012,79.34117124443729
2349,RI,2012,5.282817375355544
2350,SC,2012,32.84215229292855
2351,SD,2012,7.793853225727398
2352,TN,2012,43.9602101032243
2353,TX,2012,277.9346050074827
2354,UT,2012,18.68613428816731
2355,VT,2012,5.019845587863301
2356,VA,2012,55.15675542963216
2357,WA,2012,49.55630480896413
2358,WV,2012,12.65168445252043
2359,WI,2012,33.72729566276703
2360,WY,2012,11.78460790632553
2365,AL,2013,33.94048977567459
2366,,2013,15.58985043590347
2367,AZ,2013,37.86867744958579
2368,AR,2013,22.21658552211338
2369,CA,2013,216.4721314643426
2370,CO,2013,32.10672481601297
2371,CT,2013,21.25495096065667
2372,DE,2013,7.02994725984211
2373,DC,2013,1.035058272778239
2374,FL,2013,112.9515350033504
2375,GA,2013,68.89038737157126
2376,,2013,18.53437788349972
2377,ID,2013,10.8718203491786
2378,IL,2013,79.50257404035017
2379,IN,2013,50.85068473506645
2380,IA,2013,26.57952861052738
2381,KS,2013,23.57541077995452
2382,KY,2013,40.10449450567719
2383,LA,2013,89.95804907818103
2384,ME,2013,12.79154308648662
2385,MD,2013,33.23328069842542
2386,MA,2013,39.51320761859249
2387,MI,2013,57.64724665593514
2388,MN,2013,40.25761217863603
2389,MS,2013,25.3784112658474
2390,MO,2013,42.13471329886993
2391,MT,2013,11.95743826387561
2392,NE,2013,16.17470361886699
2393,NV,2013,18.6133723482152
2394,NH,2013,9.913702299991007
2395,NJ,2013,60.33474315159003
2396,NM,2013,16.09073229919676
2397,NY,2013,93.01245141086274
2398,NC,2013,55.6911313007189
2399,ND,2013,15.20080783684644
2400,OH,2013,73.45754769774771
2401,OK,2013,35.34679920625618
2402,OR,2013,22.49111692059291
2403,PA,2013,81.1954095680967
2404,RI,2013,5.413937630366168
2405,SC,2013,33.29404728555325
2406,SD,2013,7.715436327274706
2407,TN,2013,44.271413197563
2408,TX,2013,290.7016626532911
2409,UT,2013,19.01198728987927
2410,VT,2013,5.215846355725244
2411,VA,2013,55.36950715812702
2412,WA,2013,49.47889618730694
2413,WV,2013,12.77667993924818
2414,WI,2013,34.13258045151856
2415,WY,2013,11.20525328421402
2420,AL,2014,33.81836453917613
2421,,2014,15.32772612750358
2422,AZ,2014,37.85064104700141
2423,AR,2014,22.2823490114655
2424,CA,2014,215.8946031938944
2425,CO,2014,33.16815351397522
2426,CT,2014,21.3431245766091
2427,DE,2014,7.200438315530911
2428,DC,2014,1.137876531288986
2429,FL,2014,114.2255664852617
2430,GA,2014,67.1294483107345
2431,,2014,17.78506478646103
2432,ID,2014,11.24273308096547
2433,IL,2014,81.11369868145478
2434,IN,2014,52.00774224488973
2435,IA,2014,27.41114173146257
2436,KS,2014,24.98667782775947
2437,KY,2014,39.53761774397675
2438,LA,2014,86.89741689419449
2439,ME,2014,12.98879627767685
2440,MD,2014,33.50416275960615
2441,MA,2014,39.27167886326794
2442,MI,2014,58.94970156169649
2443,MN,2014,40.43502938850138
2444,MS,2014,25.64390011438924
2445,MO,2014,43.0982084427274
2446,MT,2014,11.65232421438243
2447,NE,2014,16.41905329328
2448,NV,2014,19.15623516849424
2449,NH,2014,10.64042292577088
2450,NJ,2014,59.40503735477306
2451,NM,2014,16.70596866146205
2452,NY,2014,96.47946864331126
2453,NC,2014,57.12844226543901
2454,ND,2014,16.30088083354038
2455,OH,2014,73.7521145838543
2456,OK,2014,37.64697403287454
2457,OR,2014,22.7126458947141
2458,PA,2014,82.69584155148237
2459,RI,2014,5.713390555003127
2460,SC,2014,33.21376966005704
2461,SD,2014,7.883931448330296
2462,TN,2014,45.36413326582896
2463,TX,2014,300.0673314477648
2464,UT,2014,19.26083640226524
2465,VT,2014,5.319816834503955
2466,VA,2014,57.94885684586501
2467,WA,2014,48.38533143407013
2468,WV,2014,12.65737882872152
2469,WI,2014,36.33370242735689
2470,WY,2014,11.906615051047
2475,AL,2015,35.44009825474059
2476,,2015,16.09632056490089
2477,AZ,2015,38.82287981461457
2478,AR,2015,21.87145042056634
2479,CA,2015,224.2510564669676
2480,CO,2015,33.06351697681234
2481,CT,2015,21.95865549371059
2482,DE,2015,7.595618032422593
2483,DC,2015,1.172946557193726
2484,FL,2015,120.1031324199234
2485,GA,2015,70.58859092266333
2486,,2015,18.1363259067162
2487,ID,2015,11.99746738343489
2488,IL,2015,84.51866942496808
2489,IN,2015,53.22875097411956
2490,IA,2015,26.85458932638265
2491,KS,2015,23.8664401350598
2492,KY,2015,40.84798490968218
2493,LA,2015,87.11381733646473
2494,ME,2015,13.61318687473101
2495,MD,2015,34.45098859823047
2496,MA,2015,40.348496106822
2497,MI,2015,59.88717900222024
2498,MN,2015,40.01163885183945
2499,MS,2015,26.33087038345073
2500,MO,2015,44.00357111663024
2501,MT,2015,11.43983730095832
2502,NE,2015,16.44821655011713
2503,NV,2015,18.51956899742378
2504,NH,2015,10.5051453483746
2505,NJ,2015,60.37067852238495
2506,NM,2015,16.56138842081315
2507,NY,2015,96.73427364944246
2508,NC,2015,58.96370994961644
2509,ND,2015,13.45565256924656
2510,OH,2015,74.91063754842432
2511,OK,2015,36.46792529532036
2512,OR,2015,22.47757094553484
2513,PA,2015,80.9941043577813
2514,RI,2015,5.717966479562559
2515,SC,2015,35.5141017751436
2516,SD,2015,7.961172404037093
2517,TN,2015,46.4957701596624
2518,TX,2015,306.2521618625434
2519,UT,2015,19.37901569397413
2520,VT,2015,5.483708270065044
2521,VA,2015,57.88358800095499
2522,WA,2015,52.41123163457596
2523,WV,2015,12.27129852331773
2524,WI,2015,35.93295518437942
2525,WY,2015,11.03490193263026
2530,AL,2016,37.57919742177706
2531,,2016,14.91729557548263
2532,AZ,2016,40.17634154124051
2533,AR,2016,22.09304135102415
2534,CA,2016,233.2250575269942
2535,CO,2016,33.28883719181648
2536,CT,2016,20.45522596617804
2537,DE,2016,7.704190769319359
2538,DC,2016,1.158983452028782
2539,FL,2016,123.5219326094153
2540,GA,2016,68.23264414587928
2541,,2016,18.09101186380741
2542,ID,2016,12.35351291958796
2543,IL,2016,85.14370183919651
2544,IN,2016,51.06335711061432
2545,IA,2016,27.52181199166404
2546,KS,2016,24.12418540225662
2547,KY,2016,41.89617786001723
2548,LA,2016,87.56919920465242
2549,ME,2016,13.10422002553851
2550,MD,2016,32.75823238981356
2551,MA,2016,38.95299537084679
2552,MI,2016,60.95493179587069
2553,MN,2016,41.84193738953386
2554,MS,2016,27.04083750242214
2555,MO,2016,43.55099482072996
2556,MT,2016,11.61715714624444
2557,NE,2016,16.44011746426007
2558,NV,2016,20.32258322003632
2559,NH,2016,10.17244272818542
2560,NJ,2016,62.07942477723732
2561,NM,2016,16.53868624666699
2562,NY,2016,96.80673136981522
2563,NC,2016,60.08290848985217
2564,ND,2016,11.51028180210519
2565,OH,2016,74.90193729482512
2566,OK,2016,36.63406808515757
2567,OR,2016,22.7291215952038
2568,PA,2016,77.53586935990165
2569,RI,2016,4.927733289317303
2570,SC,2016,36.22616010489862
2571,SD,2016,7.864711543939172
2572,TN,2016,47.56588364063178
2573,TX,2016,315.6093191005748
2574,UT,2016,20.03715071829477
2575,VT,2016,5.26336982195788
2576,VA,2016,58.82669963943731
2577,WA,2016,57.31322347402389
2578,WV,2016,12.96478155891188
2579,WI,2016,35.30606130461305
2580,WY,2016,10.75923308105641
